Workbook

Sheet لوحة_القيادة
A1: FARIS 360 | دليل تسعير وتشغيل 96 خدمة - V3
A3: تموضع الإطلاق: أسعار تنافسية + نطاق واضح + ربح تشغيلي محمي + سلم قيمة متصاعد
A5: عدد الخدمات | C5: عدد المسارات | E5: أقل سعر
A6: 96 | C6: 12 | E6: 29
A8: أعلى سعر كتالوج | C8: هدف الهامش بعد العمولة | E8: عمولة الإحالة المفترضة
A9: 4990 | C9: 0.5 | E9: 0.05
A12: قرارات التسعير
A13: • الخدمات منخفضة السعر (29-299) هي منتجات جذب وتشغيل سريع؛ لا تُحمّل بإشراف فارس المباشر لكل طلب.
A14: • السعر العام لا يشرح أدوات الإنتاج الداخلية؛ نعلن الذكاء الاصطناعي والأتمتة فقط عندما تكون هي الخدمة المباعة.
A15: • الخصم لا يطبق آليًا؛ يُستخدم عمود "مجال الخصم الآمن"، أو يُخفض النطاق بدل كسر الهامش.
A16: • التكاليف الخارجية (إعلانات، طباعة، استضافة خاصة، تراخيص، تصوير خارجي...) تُفصل وتحصّل من العميل.
A17: • هدف الكتالوج أن يكون تحت السوق المهني في أغلب الخدمات، لا أن ينافس أرخص بائع في كل خدمة.
A18: • كل خدمة لها Upsell وCross-sell وDownsell وMicro-Delight وفق FARIS 360.
A21: ملخص المسارات
A22: المسار | B22: الخدمات | C22: أدنى سعر | D22: أعلى سعر | E22: متوسط السعر | F22: سعر سوق أدنى تقريبي | G22: سعر سوق أعلى تقريبي | H22: مصدر مرجعي
A23: الهوية المهنية للأفراد | B23: 8 | C23: 39 | D23: 199 | E23: 91.5 | F23: 20 | G23: 700 | H23: https://sa.atscvresume.com/ | https://cv.petrax-sa.com/ | https://profoliocv.com/
A24: التسمية والعلامة والهوية البصرية | B24: 8 | C24: 149 | D24: 4990 | E24: 1474.625 | F24: 150 | G24: 35000 | H24: https://primepixels.sa/pricing/logo-design | https://www.mssar.sa/BrandingPackages | https://insolvi.com/logo-design.html
A25: التصميم الجرافيكي والمطبوعات | B25: 8 | C25: 39 | D25: 990 | E25: 251.625 | F25: 25 | G25: 4000 | H25: https://www.briefiction.com/ar/package
A26: كتابة المحتوى والنصوص التسويقية | B26: 8 | C26: 29 | D26: 499 | E26: 334 | F26: 20 | G26: 4000 | H26: https://sauragency.com/ar/blog/%D8%B4%D8%B1%D9%83%D8%A9-%D9%83%D8%AA%D8%A7%D8%A8%D8%A9-%D9%85%D8%AD%D8%AA%D9%88%D9%89
A27: الملفات التعريفية والعروض والتقارير | B27: 8 | C27: 590 | D27: 2990 | E27: 1565 | F27: 400 | G27: 17000 | H27: https://www.sporkyads.com/en/post/company-profile-services-ksa | https://gda-2026-site.web.app/en/services/company-profile/
A28: إدارة المنصات والتسويق والظهور | B28: 8 | C28: 299 | D28: 3990 | E28: 1466.125 | F28: 200 | G28: 9000 | H28: https://primepixels.sa/pricing/social-media | https://www.briefiction.com/ar/package | https://khaledmktg.com/en/package-addon-social
A29: الفيديو والريلز والبودكاست والإنتاج | B29: 8 | C29: 149 | D29: 2490 | E29: 993.375 | F29: 100 | G29: 7000 | H29: https://www.briefiction.com/ar/package | https://gda.sa/en
A30: المواقع والمتاجر والصفحات الرقمية | B30: 8 | C30: 390 | D30: 4990 | E30: 2127.5 | F30: 300 | G30: 25000 | H30: https://safwaweb.com/ar/website-cost-saudi-arabia | https://www.creativeedigital.com/en/blogs/how-much-does-a-website-cost-in-saudi-arabia-2026-pricing-guide-for-riyadh-businesses
A31: الأتمتة والذكاء الاصطناعي وإدارة العملاء | B31: 8 | C31: 690 | D31: 4990 | E31: 2452.5 | F31: 500 | G31: 12000 | H31: https://automation-ksa.com/en/packages/n8n-automation-packages
A32: البحوث والبيانات والاستراتيجيات | B32: 8 | C32: 390 | D32: 3990 | E32: 1352.5 | F32: 250 | G32: 12000 | H32: Internal scope benchmark calibrated against Saudi content/agency pricing; see https://sauragency.com/ar/blog/%D8%B4%D8%B1%D9%83%D8%A9-%D9%83%D8%AA%D8%A7%D8%A8%D8%A9-%D9%85%D8%AD%D8%AA%D9%88%D9%89
A33: التدريب والمنتجات المعرفية | B33: 8 | C33: 299 | D33: 4990 | E33: 2528.625 | F33: 99 | G33: 8000 | H33: Custom training-material providers commonly quote case-by-case; scope reference: https://potc.sa/en/services/training-materials
A34: العلاقات العامة والحملات والإطلاقات | B34: 8 | C34: 249 | D34: 4990 | E34: 2209.875 | F34: 200 | G34: 15000 | H34: Internal scope benchmark calibrated against Saudi agency creative/profile pricing; see https://gda.sa/en and https://www.briefiction.com/ar/package

Sheet الخدمات_96
A1: # | B1: المسار | C1: الاسم الداخلي | D1: اسم العرض العام | E1: الجمهور | F1: النتيجة/الوعد | G1: سعر الكتالوج (ر.س) | H1: مرجع السوق الأدنى | I1: مرجع السوق الأعلى | J1: ساعات التنفيذ | K1: تكلفة ساعة التنفيذ | L1: ساعات إشراف فارس | M1: حصة المنصات | N1: تكلفة مورد خارجي | O1: التكلفة الأساسية | P1: احتياطي الجودة | Q1: رسوم التحصيل | R1: تكلفة العمولة | S1: إجمالي التكلفة بعد العمولة | T1: الهامش بعد العمولة | U1: هامش مباشر | V1: سعر أرضية 50% بعد العمولة | W1: مجال الخصم الآمن | X1: سلم القيمة | Y1: Upsell | Z1: Cross-sell | AA1: Downsell | AB1: Add-on | AC1: Micro-Delight | AD1: الإثبات | AE1: الخطر الرئيس | AF1: SLA | AG1: التعديلات | AH1: قابلية التشغيل | AI1: تصنيف البيانات | AJ1: CTA | AK1: درجة FARIS 360 | AL1: التصنيف | AM1: مصدر benchmark
A2: 1 | B2: الهوية المهنية للأفراد | C2: سيرة ذاتية عربية ATS | D2: سيرة ذاتية عربية ATS | E2: أفراد/باحثو عمل | F2: سيرة مرتبة ومتوافقة مع ATS | G2: 49 | H2: 25 | I2: 150 | J2: 0.3 | K2: 35 | L2: 0.02 | M2: 1 | N2: 0 | O2: =J2*K2+L2*الافتراضات!$B$3+M2+N2 -> 15.5 | P2: =O2*الافتراضات!$B$7 -> 0.62 | Q2: =G2*الافتراضات!$B$4 -> 1.225 | R2: =G2*الافتراضات!$B$5 -> 2.45 | S2: =SUM(O2:R2) -> 19.795 | T2: =(G2-S2)/G2 -> 0.59602041 | U2: =(G2-(O2+P2+Q2))/G2 -> 0.64602041 | V2: =(O2+P2)/((1-الافتراضات!$B$4-الافتراضات!$B$5)*(1-الافتراضات!$B$6)) -> 34.854054 | W2: =MAX(0,(G2-V2)/G2) -> 0.28869277 | X2: جذب | Y2: LinkedIn 99 | Z2: خطاب تقديم 39 | AA2: مراجعة سيرة 29 | AB2: تسليم عاجل | AC2: 10 كلمات مفتاحية وظيفية | AD2: عينة قبل/بعد | AE2: تعديلات مفتوحة أو معلومات ناقصة | AF2: 1-2 يوم | AG2: 1 | AH2: عالية | AI2: شخصية | AJ2: اطلب سيرتك | AK2: 85 | AL2: نجمي | AM2: https://sa.atscvresume.com/ | https://cv.petrax-sa.com/ | https://profoliocv.com/
A3: 2 | B3: الهوية المهنية للأفراد | C3: سيرة ذاتية إنجليزية ATS | D3: سيرة ذاتية إنجليزية ATS | E3: أفراد/باحثو عمل | F3: سيرة إنجليزية احترافية ومتوافقة مع ATS | G3: 59 | H3: 30 | I3: 180 | J3: 0.35 | K3: 35 | L3: 0.02 | M3: 1 | N3: 0 | O3: =J3*K3+L3*الافتراضات!$B$3+M3+N3 -> 17.25 | P3: =O3*الافتراضات!$B$7 -> 0.69 | Q3: =G3*الافتراضات!$B$4 -> 1.475 | R3: =G3*الافتراضات!$B$5 -> 2.95 | S3: =SUM(O3:R3) -> 22.365 | T3: =(G3-S3)/G3 -> 0.6209322 | U3: =(G3-(O3+P3+Q3))/G3 -> 0.6709322 | V3: =(O3+P3)/((1-الافتراضات!$B$4-الافتراضات!$B$5)*(1-الافتراضات!$B$6)) -> 38.789189 | W3: =MAX(0,(G3-V3)/G3) -> 0.34255612 | X3: دخول | Y3: LinkedIn 99 | Z3: خطاب تقديم 39 | AA3: تحسين سيرة جاهزة 29 | AB3: تسليم عاجل | AC3: قائمة كلمات مفتاحية | AD3: عينة قبل/بعد | AE3: ضعف اللغة المصدرية | AF3: 1-2 يوم | AG3: 1 | AH3: عالية | AI3: شخصية | AJ3: اطلب الآن | AK3: 84 | AL3: أساسي | AM3: https://sa.atscvresume.com/ | https://cv.petrax-sa.com/ | https://profoliocv.com/
A4: 3 | B4: الهوية المهنية للأفراد | C4: سيرة ذاتية ثنائية اللغة | D4: سيرة عربية + إنجليزية | E4: أفراد/محترفون | F4: نسختان متسقتان للمسار المهني | G4: 89 | H4: 50 | I4: 250 | J4: 0.55 | K4: 35 | L4: 0.03 | M4: 1.5 | N4: 0 | O4: =J4*K4+L4*الافتراضات!$B$3+M4+N4 -> 26.75 | P4: =O4*الافتراضات!$B$7 -> 1.07 | Q4: =G4*الافتراضات!$B$4 -> 2.225 | R4: =G4*الافتراضات!$B$5 -> 4.45 | S4: =SUM(O4:R4) -> 34.495 | T4: =(G4-S4)/G4 -> 0.61241573 | U4: =(G4-(O4+P4+Q4))/G4 -> 0.66241573 | V4: =(O4+P4)/((1-الافتراضات!$B$4-الافتراضات!$B$5)*(1-الافتراضات!$B$6)) -> 60.151351 | W4: =MAX(0,(G4-V4)/G4) -> 0.32414212 | X4: أساسية | Y4: باقة مهنية 199 | Z4: LinkedIn 99 | AA4: سيرة لغة واحدة 49 | AB4: استهداف وظيفة محددة | AC4: Checklist تقديم | AD4: نموذج تسليم | AE4: اختلاف المعلومات بين النسختين | AF4: 2 يوم | AG4: 1 | AH4: عالية | AI4: شخصية | AJ4: ابدأ طلبك | AK4: 84 | AL4: أساسي | AM4: https://sa.atscvresume.com/ | https://cv.petrax-sa.com/ | https://profoliocv.com/
A5: 4 | B5: الهوية المهنية للأفراد | C5: سيرة تنفيذية للقيادات | D5: سيرة تنفيذية للقيادات | E5: مديرون/قيادات | F5: صياغة إنجازات وقيادة بصورة تنفيذية | G5: 149 | H5: 150 | I5: 500 | J5: 0.65 | K5: 45 | L5: 0.03 | M5: 2 | N5: 0 | O5: =J5*K5+L5*الافتراضات!$B$3+M5+N5 -> 37.25 | P5: =O5*الافتراضات!$B$7 -> 1.49 | Q5: =G5*الافتراضات!$B$4 -> 3.725 | R5: =G5*الافتراضات!$B$5 -> 7.45 | S5: =SUM(O5:R5) -> 49.915 | T5: =(G5-S5)/G5 -> 0.665 | U5: =(G5-(O5+P5+Q5))/G5 -> 0.715 | V5: =(O5+P5)/((1-الافتراضات!$B$4-الافتراضات!$B$5)*(1-الافتراضات!$B$6)) -> 83.762162 | W5: =MAX(0,(G5-V5)/G5) -> 0.43783784 | X5: احترافية | Y5: باقة قيادية | Z5: LinkedIn تنفيذي | AA5: سيرة ATS 59 | AB5: جلسة 30 دقيقة | AC5: مصفوفة إنجازات | AD5: عينة تنفيذية | AE5: الحاجة لمقابلة أعمق | AF5: 2-3 أيام | AG5: 2 | AH5: متوسطة | AI5: شخصية | AJ5: احجز مراجعة | AK5: 82 | AL5: أساسي | AM5: https://sa.atscvresume.com/ | https://cv.petrax-sa.com/ | https://profoliocv.com/
A6: 5 | B6: الهوية المهنية للأفراد | C6: تطوير ملف LinkedIn | D6: تحسين ملف LinkedIn | E6: محترفون/خبراء | F6: ملف أوضح وأكثر قابلية للاكتشاف | G6: 99 | H6: 50 | I6: 300 | J6: 0.55 | K6: 40 | L6: 0.04 | M6: 1.5 | N6: 0 | O6: =J6*K6+L6*الافتراضات!$B$3+M6+N6 -> 31.5 | P6: =O6*الافتراضات!$B$7 -> 1.26 | Q6: =G6*الافتراضات!$B$4 -> 2.475 | R6: =G6*الافتراضات!$B$5 -> 4.95 | S6: =SUM(O6:R6) -> 40.185 | T6: =(G6-S6)/G6 -> 0.59409091 | U6: =(G6-(O6+P6+Q6))/G6 -> 0.64409091 | V6: =(O6+P6)/((1-الافتراضات!$B$4-الافتراضات!$B$5)*(1-الافتراضات!$B$6)) -> 70.832432 | W6: =MAX(0,(G6-V6)/G6) -> 0.28452088 | X6: أساسية | Y6: باقة مهنية 199 | Z6: سيرة ثنائية 89 | AA6: مراجعة LinkedIn 49 | AB6: بانر لينكدإن | AC6: 20 كلمة مفتاحية | AD6: Before/After | AE6: عدم توفر بيانات كافية | AF6: 2 يوم | AG6: 1 | AH6: عالية | AI6: شخصية | AJ6: طوّر ملفك | AK6: 85 | AL6: نجمي | AM6: https://sa.atscvresume.com/ | https://cv.petrax-sa.com/ | https://profoliocv.com/
A7: 6 | B7: الهوية المهنية للأفراد | C7: خطاب تقديم وظيفي | D7: خطاب تقديم وظيفي | E7: باحثو عمل | F7: خطاب مخصص لمسار وظيفي واحد | G7: 39 | H7: 20 | I7: 100 | J7: 0.2 | K7: 35 | L7: 0.01 | M7: 0.5 | N7: 0 | O7: =J7*K7+L7*الافتراضات!$B$3+M7+N7 -> 9.5 | P7: =O7*الافتراضات!$B$7 -> 0.38 | Q7: =G7*الافتراضات!$B$4 -> 0.975 | R7: =G7*الافتراضات!$B$5 -> 1.95 | S7: =SUM(O7:R7) -> 12.805 | T7: =(G7-S7)/G7 -> 0.67166667 | U7: =(G7-(O7+P7+Q7))/G7 -> 0.72166667 | V7: =(O7+P7)/((1-الافتراضات!$B$4-الافتراضات!$B$5)*(1-الافتراضات!$B$6)) -> 21.362162 | W7: =MAX(0,(G7-V7)/G7) -> 0.45225225 | X7: إضافة | Y7: باقة مهنية 199 | Z7: سيرة ATS 49 | AA7: نبذة مهنية 29 | AB7: تخصيص لوظيفة ثانية | AC7: صيغة قابلة للتعديل | AD7: نموذج | AE7: استخدام خطاب عام جدًا | AF7: 1 يوم | AG7: 1 | AH7: عالية | AI7: شخصية | AJ7: أضف الخطاب | AK7: 82 | AL7: أساسي | AM7: https://sa.atscvresume.com/ | https://cv.petrax-sa.com/ | https://profoliocv.com/
A8: 7 | B8: الهوية المهنية للأفراد | C8: نبذة مهنية احترافية | D8: نبذة مهنية احترافية | E8: محترفون/خبراء | F8: نبذة قصيرة وموسعة للاستخدام الرقمي | G8: 49 | H8: 25 | I8: 120 | J8: 0.25 | K8: 35 | L8: 0.01 | M8: 0.5 | N8: 0 | O8: =J8*K8+L8*الافتراضات!$B$3+M8+N8 -> 11.25 | P8: =O8*الافتراضات!$B$7 -> 0.45 | Q8: =G8*الافتراضات!$B$4 -> 1.225 | R8: =G8*الافتراضات!$B$5 -> 2.45 | S8: =SUM(O8:R8) -> 15.375 | T8: =(G8-S8)/G8 -> 0.68622449 | U8: =(G8-(O8+P8+Q8))/G8 -> 0.73622449 | V8: =(O8+P8)/((1-الافتراضات!$B$4-الافتراضات!$B$5)*(1-الافتراضات!$B$6)) -> 25.297297 | W8: =MAX(0,(G8-V8)/G8) -> 0.48372863 | X8: إضافة | Y8: LinkedIn 99 | Z8: سيرة ATS | AA8: نسخة قصيرة فقط 29 | AB8: 3 نبرات | AC8: نسخة قصيرة مجانية | AD8: نموذج | AE8: غموض التموضع | AF8: 1 يوم | AG8: 1 | AH8: عالية | AI8: شخصية | AJ8: اطلب النبذة | AK8: 82 | AL8: أساسي | AM8: https://sa.atscvresume.com/ | https://cv.petrax-sa.com/ | https://profoliocv.com/
A9: 8 | B9: الهوية المهنية للأفراد | C9: باقة الهوية المهنية | D9: باقة الهوية المهنية | E9: محترفون | F9: سيرة + LinkedIn + خطاب + نبذة | G9: 199 | H9: 180 | I9: 700 | J9: 1.15 | K9: 40 | L9: 0.08 | M9: 2 | N9: 0 | O9: =J9*K9+L9*الافتراضات!$B$3+M9+N9 -> 64 | P9: =O9*الافتراضات!$B$7 -> 2.56 | Q9: =G9*الافتراضات!$B$4 -> 4.975 | R9: =G9*الافتراضات!$B$5 -> 9.95 | S9: =SUM(O9:R9) -> 81.485 | T9: =(G9-S9)/G9 -> 0.59052764 | U9: =(G9-(O9+P9+Q9))/G9 -> 0.64052764 | V9: =(O9+P9)/((1-الافتراضات!$B$4-الافتراضات!$B$5)*(1-الافتراضات!$B$6)) -> 143.91351 | W9: =MAX(0,(G9-V9)/G9) -> 0.27681652 | X9: باقة | Y9: هوية خبير رقمية | Z9: موقع شخصي | AA9: سيرة ثنائية 89 | AB9: استهداف وظيفة | AC9: مراجعة ATS إضافية | AD9: حزمة نموذجية | AE9: اتساع النطاق | AF9: 3 أيام | AG9: 2 | AH9: عالية | AI9: شخصية | AJ9: اختر الباقة | AK9: 83 | AL9: أساسي | AM9: https://sa.atscvresume.com/ | https://cv.petrax-sa.com/ | https://profoliocv.com/
A10: 9 | B10: التسمية والعلامة والهوية البصرية | C10: اقتراح اسم علامة | D10: ابتكار اسم علامة | E10: مشاريع ناشئة | F10: أسماء قابلة للبناء التسويقي مع فحص أولي | G10: 299 | H10: 300 | I10: 1500 | J10: 1.5 | K10: 45 | L10: 0.1 | M10: 3 | N10: 0 | O10: =J10*K10+L10*الافتراضات!$B$3+M10+N10 -> 90.5 | P10: =O10*الافتراضات!$B$7 -> 3.62 | Q10: =G10*الافتراضات!$B$4 -> 7.475 | R10: =G10*الافتراضات!$B$5 -> 14.95 | S10: =SUM(O10:R10) -> 116.545 | T10: =(G10-S10)/G10 -> 0.61021739 | U10: =(G10-(O10+P10+Q10))/G10 -> 0.66021739 | V10: =(O10+P10)/((1-الافتراضات!$B$4-الافتراضات!$B$5)*(1-الافتراضات!$B$6)) -> 203.5027 | W10: =MAX(0,(G10-V10)/G10) -> 0.31938895 | X10: دخول | Y10: شعار 790 | Z10: Tagline 149 | AA10: 5 أسماء فقط 199 | AB10: فحص نطاقات | AC10: قائمة معايير الاسم | AD10: نموذج تسليم | AE10: الخلط بين الفحص التسويقي والقانوني | AF10: 3 أيام | AG10: 1 | AH10: متوسطة | AI10: داخلية | AJ10: ابدأ التسمية | AK10: 81 | AL10: أساسي | AM10: https://primepixels.sa/pricing/logo-design | https://www.mssar.sa/BrandingPackages | https://insolvi.com/logo-design.html
A11: 10 | B11: التسمية والعلامة والهوية البصرية | C11: ابتكار شعار لفظي Tagline | D11: ابتكار شعار لفظي | E11: علامات/حملات | F11: عبارات قصيرة تعكس الوعد والتموضع | G11: 149 | H11: 150 | I11: 800 | J11: 0.75 | K11: 45 | L11: 0.05 | M11: 2 | N11: 0 | O11: =J11*K11+L11*الافتراضات!$B$3+M11+N11 -> 45.75 | P11: =O11*الافتراضات!$B$7 -> 1.83 | Q11: =G11*الافتراضات!$B$4 -> 3.725 | R11: =G11*الافتراضات!$B$5 -> 7.45 | S11: =SUM(O11:R11) -> 58.755 | T11: =(G11-S11)/G11 -> 0.60567114 | U11: =(G11-(O11+P11+Q11))/G11 -> 0.65567114 | V11: =(O11+P11)/((1-الافتراضات!$B$4-الافتراضات!$B$5)*(1-الافتراضات!$B$6)) -> 102.87568 | W11: =MAX(0,(G11-V11)/G11) -> 0.30955922 | X11: إضافة | Y11: استراتيجية رسالة | Z11: هوية | AA11: 5 مقترحات 99 | AB11: نسخة إنجليزية | AC11: 3 اتجاهات نبرة | AD11: أمثلة | AE11: الاعتماد على ذوق واحد | AF11: 2 يوم | AG11: 1 | AH11: عالية | AI11: داخلية | AJ11: اطلب الشعار اللفظي | AK11: 82 | AL11: أساسي | AM11: https://primepixels.sa/pricing/logo-design | https://www.mssar.sa/BrandingPackages | https://insolvi.com/logo-design.html
A12: 11 | B12: التسمية والعلامة والهوية البصرية | C12: تصميم شعار تأسيسي | D12: تصميم شعار تأسيسي | E12: مشاريع صغيرة | F12: شعار بداية واضح بملفات أساسية | G12: 399 | H12: 500 | I12: 2000 | J12: 2.2 | K12: 40 | L12: 0.1 | M12: 5 | N12: 0 | O12: =J12*K12+L12*الافتراضات!$B$3+M12+N12 -> 113 | P12: =O12*الافتراضات!$B$7 -> 4.52 | Q12: =G12*الافتراضات!$B$4 -> 9.975 | R12: =G12*الافتراضات!$B$5 -> 19.95 | S12: =SUM(O12:R12) -> 147.445 | T12: =(G12-S12)/G12 -> 0.63046366 | U12: =(G12-(O12+P12+Q12))/G12 -> 0.68046366 | V12: =(O12+P12)/((1-الافتراضات!$B$4-الافتراضات!$B$5)*(1-الافتراضات!$B$6)) -> 254.0973 | W12: =MAX(0,(G12-V12)/G12) -> 0.36316467 | X12: دخول | Y12: شعار احترافي 790 | Z12: هوية مصغرة | AA12: شعار قالب 249 | AB12: تسليم ملفات مفتوحة | AC12: صورة ملف شخصية | AD12: نماذج أعمال | AE12: التعديلات الجذرية | AF12: 4-5 أيام | AG12: 2 | AH12: متوسطة | AI12: عامة | AJ12: ابدأ شعارك | AK12: 80 | AL12: أساسي | AM12: https://primepixels.sa/pricing/logo-design | https://www.mssar.sa/BrandingPackages | https://insolvi.com/logo-design.html
A13: 12 | B13: التسمية والعلامة والهوية البصرية | C13: تصميم شعار احترافي | D13: تصميم شعار احترافي | E13: منشآت/خبراء | F13: شعار مدروس مع اتجاهات واستخدامات | G13: 790 | H13: 1500 | I13: 5500 | J13: 4 | K13: 45 | L13: 0.2 | M13: 8 | N13: 0 | O13: =J13*K13+L13*الافتراضات!$B$3+M13+N13 -> 228 | P13: =O13*الافتراضات!$B$7 -> 9.12 | Q13: =G13*الافتراضات!$B$4 -> 19.75 | R13: =G13*الافتراضات!$B$5 -> 39.5 | S13: =SUM(O13:R13) -> 296.37 | T13: =(G13-S13)/G13 -> 0.6248481 | U13: =(G13-(O13+P13+Q13))/G13 -> 0.6748481 | V13: =(O13+P13)/((1-الافتراضات!$B$4-الافتراضات!$B$5)*(1-الافتراضات!$B$6)) -> 512.69189 | W13: =MAX(0,(G13-V13)/G13) -> 0.35102292 | X13: أساسية | Y13: هوية مصغرة 1490 | Z13: قوالب منصات | AA13: شعار تأسيسي 399 | AB13: دليل مصغر | AC13: Mockup إضافي | AD13: دراسة حالة | AE13: توقعات مفاهيم كثيرة | AF13: 5-7 أيام | AG13: 2 | AH13: متوسطة | AI13: عامة | AJ13: ابدأ الهوية | AK13: 80 | AL13: أساسي | AM13: https://primepixels.sa/pricing/logo-design | https://www.mssar.sa/BrandingPackages | https://insolvi.com/logo-design.html
... A97: 96 | B97: العلاقات العامة والحملات والإطلاقات | C97: خطة اتصال وإدارة أزمة | D97: خطة اتصال وإدارة أزمة | E97: منشآت/جهات | F97: سيناريوهات وأدوار ورسائل واستجابة وتصعيد | G97: 4990 | H97: 3500 | I97: 15000 | J97: 18 | K97: 75 | L97: 1.1 | M97: 20 | N97: 0 | O97: =J97*K97+L97*الافتراضات!$B$3+M97+N97 -> 1590 | P97: =O97*الافتراضات!$B$7 -> 63.6 | Q97: =G97*الافتراضات!$B$4 -> 124.75 | R97: =G97*الافتراضات!$B$5 -> 249.5 | S97: =SUM(O97:R97) -> 2027.85 | T97: =(G97-S97)/G97 -> 0.59361723 | U97: =(G97-(O97+P97+Q97))/G97 -> 0.64361723 | V97: =(O97+P97)/((1-الافتراضات!$B$4-الافتراضات!$B$5)*(1-الافتراضات!$B$6)) -> 3575.3514 | W97: =MAX(0,(G97-V97)/G97) -> 0.28349672 | X97: مخصص | Y97: Retainer اتصال | Z97: Media Training | AA97: خطة مختصرة 2490 | AB97: محاكاة أزمة | AC97: قالب غرفة أزمة | AD97: Case Study | AE97: حساسية قانونية/سمعة | AF97: 12-15 يوم | AG97: 2 | AH97: منخفضة | AI97: سرية | AJ97: احجز جلسة | AK97: 72 | AL97: أساسي | AM97: Internal scope benchmark calibrated against Saudi agency creative/profile pricing; see https://gda.sa/en and https://www.briefiction.com/ar/package

Sheet الافتراضات
A1: افتراضات نموذج FARIS 360 - قابلة للتعديل
A2: البند | B2: القيمة | C2: الوحدة | D2: ملاحظة
A3: سعر ساعة إشراف فارس | B3: 200 | C3: ر.س/ساعة | D3: تكلفة فرصة داخلية، ليست راتبًا بالضرورة
A4: رسوم التحصيل الإلكتروني | B4: 0.025 | C4: % من السعر | D4: تقدير تشغيلي قابل للتغيير
A5: عمولة الشريك/المسوق | B5: 0.05 | C5: % من السعر | D5: تطبق عند وجود إحالة
A6: هامش الأمان المستهدف بعد العمولة | B6: 0.5 | C6: % | D6: الحد الأدنى المستهدف للخدمات القياسية
A7: احتياطي جودة/إعادة عمل | B7: 0.04 | C7: % من التكلفة الأساسية | D7: للتعديلات الصغيرة وإعادة العمل
A8: ضريبة القيمة المضافة | B8: 0.15 | C8: % | D8: لا تدخل في الربح التشغيلي؛ تضاف عند انطباقها

Sheet منهجية_FARIS360
A1: منهجية FARIS 360 لاعتماد كل خدمة
A4: البوابة | B4: العقول/الفرق | C4: السؤال الحاسم | D4: المخرج | E4: حالة الاعتماد | F4: ملاحظات
A5: بوابة العميل | B5: الاقتصاد السلوكي، الصياغة الإقناعية، B2B، UX Diagnostics، Social Proof | C5: هل يفهم العميل العرض؟ هل السعر مريح؟ ما الاعتراض؟ وما الإثبات؟ | D5: قرار موحد | E5: إلزامي | F5: يطبق على جميع الخدمات الـ96
A6: بوابة النمو | B6: Growth Engineering، Value Ladder، LTV Retainers، Retargeting، Affiliate Engine | C6: ما الخدمة التالية؟ كيف نزيد قيمة العميل دون إزعاج؟ | D6: قرار موحد | E6: إلزامي | F6: يطبق على جميع الخدمات الـ96
A7: بوابة التشغيل | B7: الجودة، SLA، Scope، Prompt Engineering، Micro-Delight | C7: هل يمكن تنفيذ الخدمة بسرعة وبنطاق منضبط وبجودة متكررة؟ | D7: قرار موحد | E7: إلزامي | F7: يطبق على جميع الخدمات الـ96
A8: بوابة المالية | B8: Value-Based Pricing، الهندسة العكسية، القبعة البيضاء والمنطقية | C8: ما التكلفة؟ الأرضية؟ سعر الكتالوج؟ والسعر القائم على القيمة؟ | D8: قرار موحد | E8: إلزامي | F8: يطبق على جميع الخدمات الـ96
A9: بوابة المخاطر | B9: القبعة السوداء، Risk Reversal، PDPL، حوكمة البيانات | C9: ما الذي يمكن أن يفشل؟ وكيف نخفف الخطر دون وعود غير واقعية؟ | D9: قرار موحد | E9: إلزامي | F9: يطبق على جميع الخدمات الـ96
A10: بوابة الاستراتيجية | B10: القبعة الزرقاء + الذكاء الوجودي والذاتي | C10: هل هذه الخدمة تبني وكالة فارس أم تستهلك وقتها؟ | D10: قرار موحد | E10: إلزامي | F10: يطبق على جميع الخدمات الـ96
A13: القبعات الست
A14: البيضاء | B14: حقائق، أسعار، تكلفة، بيانات
A15: الحمراء | B15: الشعور والانطباع النفسي للعميل
A16: السوداء | B16: مخاطر وثغرات وحدود
A17: الصفراء | B17: فرص ومزايا وإمكانات
A18: الخضراء | B18: ابتكار نماذج وحزم جديدة
A19: الزرقاء | B19: الحسم والضبط والاعتماد
A22: الذكاءات المستخدمة كعدسات تطوير
A23: اللغوي | B23: زاوية مراجعة مساندة، وليست اختبارًا نفسيًا أو تشخيصًا لقدرات الأفراد.
A24: المنطقي/الرياضي | B24: زاوية مراجعة مساندة، وليست اختبارًا نفسيًا أو تشخيصًا لقدرات الأفراد.
A25: البصري/المكاني | B25: زاوية مراجعة مساندة، وليست اختبارًا نفسيًا أو تشخيصًا لقدرات الأفراد.
A26: الاجتماعي | B26: زاوية مراجعة مساندة، وليست اختبارًا نفسيًا أو تشخيصًا لقدرات الأفراد.
A27: الذاتي | B27: زاوية مراجعة مساندة، وليست اختبارًا نفسيًا أو تشخيصًا لقدرات الأفراد.
A28: الصوتي | B28: زاوية مراجعة مساندة، وليست اختبارًا نفسيًا أو تشخيصًا لقدرات الأفراد.
A29: الحركي | B29: زاوية مراجعة مساندة، وليست اختبارًا نفسيًا أو تشخيصًا لقدرات الأفراد.
A30: البيئي | B30: زاوية مراجعة مساندة، وليست اختبارًا نفسيًا أو تشخيصًا لقدرات الأفراد.
A31: العاطفي | B31: زاوية مراجعة مساندة، وليست اختبارًا نفسيًا أو تشخيصًا لقدرات الأفراد.
A32: الوجودي/الاستراتيجي | B32: زاوية مراجعة مساندة، وليست اختبارًا نفسيًا أو تشخيصًا لقدرات الأفراد.
A33: الرقمي والاصطناعي | B33: زاوية مراجعة مساندة، وليست اختبارًا نفسيًا أو تشخيصًا لقدرات الأفراد.

Sheet سلم_القيمة
A1: سلم القيمة المقترح لوكالة فارس الرقمية
A4: المستوى | B4: النطاق السعري | C4: أمثلة | D4: الهدف التجاري | E4: مؤشر النجاح | F4: قاعدة
A5: مجاني/تجربة | B5: 0 | C5: اختبار/تدقيق مصغر/عينة | D5: إثبات الكفاءة وجمع Lead | E5: التحويل للمستوى التالي | F5: وضوح النطاق قبل البيع
A6: جذب | B6: 29-99 | C6: CV، تصميم بسيط، كتابة قصيرة | D6: خفض حاجز الشراء | E6: التحويل للمستوى التالي | F6: وضوح النطاق قبل البيع
A7: دخول | B7: 149-690 | C7: كاروسيل، تدقيق، بروشور، مونتاج | D7: بناء الثقة | E7: التحويل للمستوى التالي | F7: وضوح النطاق قبل البيع
A8: أساسي | B8: 690-1,490 | C8: ملف، حسابات، CRM، تصميمات أوسع | D8: حل واضح سريع | E8: التحويل للمستوى التالي | F8: وضوح النطاق قبل البيع
A9: احترافي | B9: 1,490-2,990 | C9: هوية، موقع، حقيبة، استراتيجية | D9: قيمة أكبر وربط خدمات | E9: التحويل للمستوى التالي | F9: وضوح النطاق قبل البيع
A10: مخصص | B10: 3,990-4,990+ | C10: أنظمة، إطلاق، استراتيجية، يومين تدريب | D10: حلول عالية الأثر | E10: التحويل للمستوى التالي | F10: وضوح النطاق قبل البيع
A11: اشتراك | B11: 390-3,990+/شهر | C11: صيانة، منصات، حملات، دعم | D11: رفع LTV واستقرار الإيراد | E11: التحويل للمستوى التالي | F11: وضوح النطاق قبل البيع

Sheet المصادر
A1: المسار | B1: اسم المسار | C1: روابط مرجعية عامة | D1: ملاحظة الاستخدام
A2: 1 | B2: الهوية المهنية للأفراد | C2: https://sa.atscvresume.com/ | https://cv.petrax-sa.com/ | https://profoliocv.com/ | D2: مرجع اتجاهي للسوق، وليس تسعيرًا ملزمًا لكل نطاق. يتم ضبط كل خدمة حسب نطاق وكالة فارس.
A3: 2 | B3: التسمية والعلامة والهوية البصرية | C3: https://primepixels.sa/pricing/logo-design | https://www.mssar.sa/BrandingPackages | https://insolvi.com/logo-design.html | D3: مرجع اتجاهي للسوق، وليس تسعيرًا ملزمًا لكل نطاق. يتم ضبط كل خدمة حسب نطاق وكالة فارس.
A4: 3 | B4: التصميم الجرافيكي والمطبوعات | C4: https://www.briefiction.com/ar/package | D4: مرجع اتجاهي للسوق، وليس تسعيرًا ملزمًا لكل نطاق. يتم ضبط كل خدمة حسب نطاق وكالة فارس.
A5: 4 | B5: كتابة المحتوى والنصوص التسويقية | C5: https://sauragency.com/ar/blog/%D8%B4%D8%B1%D9%83%D8%A9-%D9%83%D8%AA%D8%A7%D8%A8%D8%A9-%D9%85%D8%AD%D8%AA%D9%88%D9%89 | D5: مرجع اتجاهي للسوق، وليس تسعيرًا ملزمًا لكل نطاق. يتم ضبط كل خدمة حسب نطاق وكالة فارس.
A6: 5 | B6: الملفات التعريفية والعروض والتقارير | C6: https://www.sporkyads.com/en/post/company-profile-services-ksa | https://gda-2026-site.web.app/en/services/company-profile/ | D6: مرجع اتجاهي للسوق، وليس تسعيرًا ملزمًا لكل نطاق. يتم ضبط كل خدمة حسب نطاق وكالة فارس.
A7: 6 | B7: إدارة المنصات والتسويق والظهور | C7: https://primepixels.sa/pricing/social-media | https://www.briefiction.com/ar/package | https://khaledmktg.com/en/package-addon-social | D7: مرجع اتجاهي للسوق، وليس تسعيرًا ملزمًا لكل نطاق. يتم ضبط كل خدمة حسب نطاق وكالة فارس.
A8: 7 | B8: الفيديو والريلز والبودكاست والإنتاج | C8: https://www.briefiction.com/ar/package | https://gda.sa/en | D8: مرجع اتجاهي للسوق، وليس تسعيرًا ملزمًا لكل نطاق. يتم ضبط كل خدمة حسب نطاق وكالة فارس.
A9: 8 | B9: المواقع والمتاجر والصفحات الرقمية | C9: https://safwaweb.com/ar/website-cost-saudi-arabia | https://www.creativeedigital.com/en/blogs/how-much-does-a-website-cost-in-saudi-arabia-2026-pricing-guide-for-riyadh-businesses | D9: مرجع اتجاهي للسوق، وليس تسعيرًا ملزمًا لكل نطاق. يتم ضبط كل خدمة حسب نطاق وكالة فارس.
A10: 9 | B10: الأتمتة والذكاء الاصطناعي وإدارة العملاء | C10: https://automation-ksa.com/en/packages/n8n-automation-packages | D10: مرجع اتجاهي للسوق، وليس تسعيرًا ملزمًا لكل نطاق. يتم ضبط كل خدمة حسب نطاق وكالة فارس.
A11: 10 | B11: البحوث والبيانات والاستراتيجيات | C11: Internal scope benchmark calibrated against Saudi content/agency pricing; see https://sauragency.com/ar/blog/%D8%B4%D8%B1%D9%83%D8%A9-%D9%83%D8%AA%D8%A7%D8%A8%D8%A9-%D9%85%D8%AD%D8%AA%D9%88%D9%89 | D11: مرجع اتجاهي للسوق، وليس تسعيرًا ملزمًا لكل نطاق. يتم ضبط كل خدمة حسب نطاق وكالة فارس.
A12: 11 | B12: التدريب والمنتجات المعرفية | C12: Custom training-material providers commonly quote case-by-case; scope reference: https://potc.sa/en/services/training-materials | D12: مرجع اتجاهي للسوق، وليس تسعيرًا ملزمًا لكل نطاق. يتم ضبط كل خدمة حسب نطاق وكالة فارس.
A13: 12 | B13: العلاقات العامة والحملات والإطلاقات | C13: Internal scope benchmark calibrated against Saudi agency creative/profile pricing; see https://gda.sa/en and https://www.briefiction.com/ar/package | D13: مرجع اتجاهي للسوق، وليس تسعيرًا ملزمًا لكل نطاق. يتم ضبط كل خدمة حسب نطاق وكالة فارس.

Sheet طريقة_الاستخدام
A1: كيف تستخدم نموذج FARIS 360؟
A4: 1) عدّل فقط الخلايا ذات الخط الأزرق في الافتراضات أو في سعر/ساعات الخدمة عند تغير الواقع.
A5: 2) عمود الهامش بعد العمولة يجب أن يبقى 50% أو أكثر للخدمات القياسية، أو يكون هناك سبب استراتيجي معلن لخدمة جذب.
A6: 3) استخدم سعر أرضية 50% لتحديد الحد الأدنى؛ لا تمنح خصمًا يتجاوز مجال الخصم الآمن.
A7: 4) لا تقارن سعر وكالة فارس بأرخص عرض فقط؛ قارن النطاق والتعديلات والسرعة والإثبات وخدمة ما بعد البيع.
A8: 5) كل خدمة منخفضة السعر يجب أن تفتح Upsell واضحًا؛ وإلا تصبح عبئًا تشغيليًا.
A9: 6) الخدمات ذات التشغيل المنخفض أو البيانات السرية تحتاج مراجعة أعلى واعتمادًا بشريًا.
A10: 7) لا تُظهر للعميل طريقة الإنتاج الداخلية إلا عندما تكون التقنية نفسها هي المنتج المبيع.
A11: 8) راجع السوق كل 90-180 يومًا، وارفع أو اخفض السعر وفق الطلب، التحويل، ساعات التنفيذ الفعلية، والربحية.
